eRenyi2,ESSRenyi,VanillaAvgRet,AvgEpLen,ESSClassic,AvgRet,VarJ,VarRet,VarNormIw,MinVanillaIw,AvgDiscRet,AvgNormIw,Bound,BatchSize,MinNormIw,J,VarVanillaIw,VarDiscRet,MaxVanillaIw,MaxNormIw,AvgVanillaIw
179.67253,2.7828405202573347,121.43619995933116,13.148,2.1167661812312955,121.43619995933116,19437.576,72188.00666418133,0.0009427229,,121.43619995933116,0.002,1263.3513,500,,3785.451,248.03557,72188.00666418133,341.711,0.6661837,1.0258762
105.78386,4.7266190090919045,382.693892861799,39.28,1.3621828657326527,382.693892861799,9561.7295,260267.50245035315,0.0014671659,,382.693892861799,0.0020000003,2578.004,500,,4513.5635,421.20642,260267.50245035315,458.67075,0.8560381,1.071613
10.787272,46.35091976810749,2307.4911616575037,231.546,47.325045272847845,2307.4911616575037,727.75543,3299654.05017905,3.8337592e-05,,2307.4911616575037,0.002,4228.218,500,,4846.316,8.746132,3299654.05017905,21.398954,0.044801954,0.9552688
1.5679609,318.88551129251107,4770.239814226683,477.192,308.8657417149117,4770.239814226683,159.60118,614409.6704717053,2.4802664e-06,0.00066282327,4770.239814226683,0.002,4726.317,500,1.3121895e-06,4961.968,0.6328498,614409.6704717053,3.2179298,0.0063705277,1.0102553
1.1306282,442.2320153827386,4947.247891444217,494.78,441.07508844089114,4947.247891444217,121.44043,122368.2462777338,5.354458e-07,0.07188408,4947.247891444217,0.002,4781.74,500,0.0001449019,4981.8467,0.13177493,122368.2462777338,1.667571,0.0033614424,0.9921758
1.0157524,492.2459281455187,4992.355551156146,499.264,492.6290795272192,4992.355551156146,36.078667,7707.719681383727,5.996927e-08,0.32538727,4992.355551156146,0.002,4806.8306,500,0.00064444216,4996.499,0.015288399,7707.719681383727,1.1375858,0.0022530328,1.0098262
1.0425819,479.5786234118254,4979.27589813995,497.956,476.91599569259546,4979.27589813995,89.37544,53374.64691333461,1.939987e-07,0.1826339,4979.27589813995,0.002,4799.1665,500,0.00036855138,4991.3237,0.04763932,53374.64691333461,1.3117946,0.0026471738,0.99109066
1.0012188,499.3913439392525,4998.047004012476,499.828,499.4185989045241,4998.047004012476,21.614489,611.5208434925161,4.6659765e-09,0.8198186,4998.047004012476,0.0019999999,4809.9736,500,0.001640521,4998.2803,0.0011652377,611.5208434925161,1.0605001,0.0021221435,0.9994613
1.0064746,496.7835184055376,4996.6609293069205,499.684,496.3038780549744,4996.6609293069205,25.024675,4631.98455529761,2.9849158e-08,0.363603,4996.6609293069205,0.0019999999,4809.8296,500,0.0007318874,4998.63,0.0073671318,4631.98455529761,1.0992596,0.0022126723,0.99360365
1.0038991,498.05802323532333,4997.556408362799,499.774,498.2337812486933,4997.556408362799,28.387238,2263.275542248221,1.42078145e-08,0.5955653,4997.556408362799,0.002,4809.883,500,0.0011887758,4998.4414,0.0035660402,2263.275542248221,1.0870326,0.002169767,1.0019809
1.0003048,499.847637366206,4999.227450440061,499.938,499.80206365153,4999.227450440061,13.001097,204.8953173077088,1.5874065e-09,0.86503726,4999.227450440061,0.002,4811.065,500,0.0017327534,4999.2856,0.00039562548,204.8953173077088,1.0244037,0.0020519798,0.998454
1.0065125,496.7648079131717,4996.806824808,499.698,496.7252078246351,4996.806824808,22.997683,3129.957454973247,2.6423926e-08,0.39368564,4996.806824808,0.002,4809.723,500,0.0007870361,4998.5273,0.00661161,3129.957454973247,1.0934972,0.0021860632,1.0004259
1.0001175,499.9412367273077,4999.416099534525,499.958,499.94397982393,4999.416099534525,9.45677,99.95646565861931,4.4902945e-10,0.93623626,4999.416099534525,0.002,4811.238,500,0.0018727519,4999.441,0.00011222387,99.95646565861931,1.019503,0.0020393103,0.9998508
1.0472409,477.4450866959905,4980.314457811331,498.048,479.50078627869857,4980.314457811331,128.54451,95495.94267572364,1.7134666e-07,0.14942822,4980.314457811331,0.002,4799.7075,500,0.00029530193,4992.2935,0.04387411,95495.94267572364,1.368199,0.002703852,1.0120369
1.004636,497.6926722498184,4997.630786895721,499.78,497.5795651065768,4997.630786895721,24.01014,2464.2715907031156,1.9496946e-08,0.4820702,4997.630786895721,0.002,4810.15,500,0.0009672735,4998.778,0.004842711,2464.2715907031156,1.0776552,0.0021623143,0.9967609
1.0000007,499.99964237238714,4999.859264072133,500.0,499.99947281143204,4999.859264072133,0.18293238,0.03366645501928194,3.5362436e-12,0.9957433,4999.859264072133,0.002,4811.668,500,0.001991401,4999.8604,8.8413583e-07,0.03366645501928194,1.001777,0.002003468,1.0000429
1.0110347,494.54285456235186,4994.963871658998,499.512,494.2502797233526,4994.963871658998,43.49593,12022.442401760367,4.6625846e-08,0.39736676,4994.963871658998,0.002,4808.6973,500,0.0007932044,4997.925,0.011701446,12022.442401760367,1.1392736,0.002274163,1.0019279
1.0,500.0,4999.86433697205,500.0,500.00000664260017,4999.86433697205,0.14426216,0.02085380300952575,5.431875e-20,1.0,4999.86433697205,0.0020000003,4811.6724,500,0.002,4999.8647,,0.02085380300952575,1.0,0.002,1.0
1.0,500.0,4999.863922469536,500.0,500.00000664260017,4999.863922469536,0.13318212,0.01776980403119831,5.431875e-20,1.0,4999.863922469536,0.0020000003,4811.6724,500,0.002,4999.8647,,0.01776980403119831,1.0,0.002,1.0
1.0029887,498.51010479482284,4997.927253344728,499.808,498.7821122732783,4997.927253344728,29.304226,1882.5632951764444,9.786078e-09,0.6777721,4997.927253344728,0.002,4810.0845,500,0.0013512406,4998.5576,0.0024621282,1882.5632951764444,1.1055374,0.002204055,1.0031849
1.0102202,494.9416125690481,4989.866611411578,499.002,494.8347043635142,4989.866611411578,178.10669,49997.34902042142,4.183723e-08,0.65998864,4989.866611411578,0.002,4802.746,500,0.0013123077,4991.8975,0.010581921,49997.34902042142,1.387569,0.0027590133,1.0058444
1.0150113,492.60534812717833,4989.884406100275,499.004,492.3305314292458,4989.884406100275,156.83235,49797.894025862166,6.243639e-08,0.32849222,4989.884406100275,0.002,4803.25,500,0.0006528485,4992.8496,0.015807498,49797.894025862166,1.3205371,0.0026244477,1.0063353
1.0000032,499.9983906797709,4999.855832937943,500.0,499.9981948383543,4999.855832937943,0.17238672,0.029912944553025445,1.502014e-11,0.99316216,4999.855832937943,0.0019999999,4811.664,500,0.0019863613,4999.8564,3.7548925e-06,0.029912944553025445,1.0036485,0.0020073345,0.9999814
1.0,500.0,4999.873067743877,500.0,500.00000664260017,4999.873067743877,0.13708806,0.018831496328253164,5.431875e-20,1.0,4999.873067743877,0.0020000003,4811.681,500,0.002,4999.8735,,0.018831496328253164,1.0,0.002,1.0
1.0,500.0,4999.851751422904,500.0,500.00000664260017,4999.851751422904,0.21227919,0.04514992393361229,5.431875e-20,1.0,4999.851751422904,0.0020000003,4811.66,500,0.002,4999.8525,,0.04514992393361229,1.0,0.002,1.0
1.0,500.0,4999.863241665322,500.0,500.00000664260017,4999.863241665322,0.14400059,0.02077736015044831,5.431875e-20,1.0,4999.863241665322,0.0020000003,4811.672,500,0.002,4999.8643,,0.02077736015044831,1.0,0.002,1.0
1.0,500.0,4999.871269590171,500.0,499.9998633278972,4999.871269590171,0.1795508,0.032391027969949374,7.228565e-13,0.9968307,4999.871269590171,0.002,4811.6797,500,0.0019936997,4999.872,1.8070706e-07,0.032391027969949374,1.0005068,0.0020010518,0.9999808
1.0211041,489.6660402104127,4990.2897774368,499.044,487.4770971017722,4990.2897774368,109.779434,45889.585478875415,1.0296284e-07,0.3690721,4990.2897774368,0.002,4804.8022,500,0.00073911564,4994.9697,0.02567309,45889.585478875415,1.2465144,0.0024963098,0.99868566
1.0000561,499.9719277884974,4999.6946517908455,499.984,499.9731174729261,4999.6946517908455,3.8177712,16.212048936662587,2.1515016e-10,0.94928664,4999.6946517908455,0.002,4811.5073,500,0.0018979468,4999.7046,5.382308e-05,16.212048936662587,1.0093738,0.0020180815,1.0003301
1.0000004,499.9998211861296,4999.862043987737,500.0,499.9997209858344,4999.862043987737,0.13964482,0.019562124443764956,2.0819232e-12,0.9972745,4999.862043987737,0.002,4811.6704,500,0.001994569,4999.863,5.2047335e-07,0.019562124443764956,1.0010382,0.0020020965,0.99999
1.0011863,499.40757694266364,4998.887209256286,499.906,499.32226836785736,4998.887209256286,14.562875,392.200794608356,5.44025e-09,0.73260355,4998.887209256286,0.0019999999,4810.8345,500,0.0014685419,4999.138,0.0013538926,392.200794608356,1.0438169,0.0020923854,0.9977291
1.0,500.0,4999.858229129216,500.0,500.00000664260017,4999.858229129216,0.14691272,0.021626496631817985,5.431875e-20,1.0,4999.858229129216,0.0020000003,4811.6665,500,0.002,4999.859,,0.021626496631817985,1.0,0.002,1.0
1.0048299,497.5966660355216,4989.886995676685,499.004,497.1900838613572,4989.886995676685,201.25867,49797.94209177689,2.2651951e-08,0.87784886,4989.886995676685,0.0019999999,4802.215,500,0.0017549929,4990.861,0.005667537,49797.94209177689,1.4712596,0.0029413379,1.0004016
1.0,500.0,4999.8658367976,500.0,500.00000664260017,4999.8658367976,0.1273739,0.01625525681367664,5.431875e-20,1.0,4999.8658367976,0.0020000003,4811.674,500,0.002,4999.866,,0.01625525681367664,1.0,0.002,1.0
1.0,500.0,4999.854275881408,500.0,500.00000664260017,4999.854275881408,0.16906828,0.028638534844857448,5.431875e-20,1.0,4999.854275881408,0.0020000003,4811.6626,500,0.002,4999.855,,0.028638534844857448,1.0,0.002,1.0
1.0,500.0,4999.880503510192,500.0,500.00000664260017,4999.880503510192,0.14423525,0.020847010364140446,5.431875e-20,1.0,4999.880503510192,0.0020000003,4811.689,500,0.002,4999.8813,,0.020847010364140446,1.0,0.002,1.0
1.0000019,499.9990463275026,4999.861101495507,500.0,499.9999888857278,4999.861101495507,0.14164862,0.02010983430796054,7.740356e-14,0.99950397,4999.861101495507,0.002,4811.6694,500,0.0019990143,4999.862,1.935095e-08,0.02010983430796054,1.0002708,0.002000548,0.99999684
1.0,500.0,4999.871101941299,500.0,500.00000664260017,4999.871101941299,0.15508525,0.024100132578755436,5.431875e-20,1.0,4999.871101941299,0.0020000003,4811.679,500,0.002,4999.8716,,0.024100132578755436,1.0,0.002,1.0
1.0025364,498.7350005380573,4998.198018973368,499.838,498.60351748098526,4998.198018973368,21.999762,1192.809343361304,1.12256835e-08,0.6371323,4998.198018973368,0.0020000003,4810.359,500,0.0012728446,4998.7896,0.0028126864,1192.809343361304,1.0619789,0.002121591,1.0011156
1.0000011,499.99946355877256,4999.867119131613,500.0,499.99942880760716,4999.867119131613,0.15317263,0.023572804053312038,5.0042006e-12,0.9960286,4999.867119131613,0.002,4811.676,500,0.0019920492,4999.868,1.2510609e-06,0.023572804053312038,1.0027807,0.0020055533,1.000004
1.0004125,499.7938529573402,4999.251386757444,499.94,499.76110780236354,4999.251386757444,12.021749,192.38573462849467,1.9154494e-09,0.8579044,4999.251386757444,0.002,4811.103,500,0.0017162495,4999.334,0.0004786164,192.38573462849467,1.0325369,0.0020656043,0.99974316
1.0178543,491.229426281165,4989.539584952199,498.97,491.1795666805475,4989.539584952199,143.91225,49855.90902909436,7.197466e-08,0.4198159,4989.539584952199,0.002,4803.2485,500,0.0008417447,4993.1133,0.017903447,49855.90902909436,1.294647,0.0025958098,0.99748987
1.0,500.0,4999.86550578973,500.0,500.00000664260017,4999.86550578973,0.16116588,0.026026027467549177,5.431875e-20,1.0,4999.86550578973,0.0020000003,4811.6733,500,0.002,4999.8657,,0.026026027467549177,1.0,0.002,1.0
1.0054914,497.26930729857577,4989.892493914081,499.004,497.35791263791975,4989.892493914081,198.69965,49798.067377548585,2.1291111e-08,0.8451414,4989.892493914081,0.002,4802.2734,500,0.001687838,4990.9814,0.0053382087,49798.067377548585,1.2785499,0.0025534013,1.0014485
1.0,500.0,4999.868241479878,500.0,500.00000664260017,4999.868241479878,0.14097504,0.01991247774879616,5.431875e-20,1.0,4999.868241479878,0.0020000003,4811.677,500,0.002,4999.869,,0.01991247774879616,1.0,0.002,1.0
1.0059254,497.05474340016264,4996.954607916875,499.71,496.7044312583639,4996.954607916875,33.051826,4273.543571454816,2.6592462e-08,0.5046943,4996.954607916875,0.0020000003,4809.654,500,0.0010111821,4998.403,0.006624553,4273.543571454816,1.1040204,0.002211964,0.99822634
1.0,500.0,4999.863271784334,500.0,500.00000664260017,4999.863271784334,0.16532716,0.02738796129810488,5.431875e-20,1.0,4999.863271784334,0.0020000003,4811.672,500,0.002,4999.8643,,0.02738796129810488,1.0,0.002,1.0
1.0000017,499.9991655363658,4999.87339794034,500.0,499.99886398269257,4999.87339794034,0.13764986,0.019035492892420344,8.849885e-12,0.9921442,4999.87339794034,0.002,4811.6816,500,0.0019843678,4999.874,2.212293e-06,0.019035492892420344,1.0035136,0.0020071075,0.99995995
1.0106647,494.723917117929,4995.048059089868,499.52,493.5674615376202,4995.048059089868,40.77516,11625.841680612244,5.2235173e-08,0.37609082,4995.048059089868,0.0019999999,4808.8594,500,0.000756132,4998.0522,0.0129227005,11625.841680612244,1.1399832,0.0022919404,0.9947756
1.0,500.0,4999.875156709038,500.0,499.9999433574513,4999.875156709038,0.1425895,0.020372019865930166,6.8833324e-15,0.9998176,4999.875156709038,0.002,4811.684,500,0.0019996378,4999.8765,1.7208148e-09,0.020372019865930166,1.0001005,0.0020002036,0.9999986
1.0000002,499.99988079073887,4999.882262606849,500.0,499.9999616431926,4999.882262606849,0.116178505,0.01352730505857085,1.0883616e-12,0.9981963,4999.882262606849,0.0019999999,4811.6904,500,0.0019964438,4999.883,2.7207525e-07,0.01352730505857085,1.0022179,0.0020044872,0.99997437
1.0,500.0,4999.876293099985,500.0,500.00000664260017,4999.876293099985,0.1231895,0.015206287414328995,5.431875e-20,1.0,4999.876293099985,0.0020000003,4811.684,500,0.002,4999.8765,,0.015206287414328995,1.0,0.002,1.0
1.0,500.0,4999.878360655844,500.0,500.00000664260017,4999.878360655844,0.12629221,0.01597837199810238,5.431875e-20,1.0,4999.878360655844,0.0020000003,4811.6865,500,0.002,4999.879,,0.01597837199810238,1.0,0.002,1.0
1.0,500.0,4999.872968545831,500.0,500.00000664260017,4999.872968545831,0.14024304,0.01970834372698155,5.431875e-20,1.0,4999.872968545831,0.0020000003,4811.681,500,0.002,4999.8735,,0.01970834372698155,1.0,0.002,1.0
1.0,500.0,4999.8761194627805,500.0,500.00000664260017,4999.8761194627805,0.14346835,0.02062421002948309,5.431875e-20,1.0,4999.8761194627805,0.0020000003,4811.684,500,0.002,4999.8765,,0.02062421002948309,1.0,0.002,1.0
1.0,500.0,4999.875600242904,500.0,499.99994185745226,4999.875600242904,0.14674886,0.02158795632339463,7.8357575e-14,0.999346,4999.875600242904,0.002,4811.684,500,0.0019986965,4999.8765,1.9589299e-08,0.02158795632339463,1.0002527,0.0020005098,0.9999978
1.0000014,499.9992847452859,4999.876012374537,500.0,499.9988482303239,4999.876012374537,0.12696712,0.01618892276335321,8.8120865e-12,0.99208146,4999.876012374537,0.002,4811.6846,500,0.0019840538,4999.877,2.2032598e-06,0.01618892276335321,1.0043216,0.0020085326,1.0000551
1.0000001,499.99994039536233,4999.879948804448,500.0,499.99991860714107,4999.879948804448,0.12729448,0.01624092183220451,5.814575e-13,0.9983027,4999.879948804448,0.002,4811.6885,500,0.0019966362,4999.881,1.4535847e-07,0.01624092183220451,1.0010183,0.0020020674,0.99998456
1.0056162,497.2075886824124,4989.90148663249,499.004,497.274985325903,4989.90148663249,198.00066,49798.23052679687,2.1963196e-08,0.8549701,4989.90148663249,0.002,4802.3,500,0.0017130333,4991.0195,0.005470989,49798.23052679687,1.3320713,0.0026689616,0.9981944
1.010474,494.8173001261138,4989.405154635466,498.958,494.8040175164624,4989.405154635466,179.10783,49903.68674707185,4.208819e-08,0.5668323,4989.405154635466,0.002,4802.273,500,0.0011365989,4991.448,0.01046779,49903.68674707185,1.2297589,0.0024658837,0.9974184
1.0228719,488.81978623317997,4990.317875847974,499.048,487.13354251199837,4990.317875847974,61.876778,45507.365968585735,1.0586177e-07,0.2896213,4990.317875847974,0.002,4806.767,500,0.0005798564,4997.099,0.02640944,45507.365968585735,1.2305202,0.0024636486,0.9989414
1.0000001,499.99994039536233,4999.868187925555,500.0,499.9999258434171,4999.868187925555,0.14465763,0.020981391332299454,3.616516e-13,0.9988782,4999.868187925555,0.002,4811.677,500,0.0019977512,4999.869,9.041308e-08,0.020981391332299454,1.0004642,0.0020009233,1.0000026
1.0,500.0,4999.835943958681,499.998,500.00000664260017,4999.835943958681,0.91056496,0.8308094787731357,5.431875e-20,1.0,4999.835943958681,0.0020000003,4811.644,500,0.002,4999.8364,,0.8308094787731357,1.0,0.002,1.0
1.0,500.0,4999.879928669627,500.0,500.00000664260017,4999.879928669627,0.1264364,0.016016298044107462,5.431875e-20,1.0,4999.879928669627,0.0020000003,4811.688,500,0.002,4999.8804,,0.016016298044107462,1.0,0.002,1.0
1.0,500.0,4999.8798930027915,500.0,500.00000664260017,4999.8798930027915,0.1176392,0.013864575285537986,5.431875e-20,1.0,4999.8798930027915,0.0020000003,4811.688,500,0.002,4999.8804,,0.013864575285537986,1.0,0.002,1.0
1.0000023,499.9988675143143,4999.8743847438955,500.0,499.9996764839976,4999.8743847438955,0.13403875,0.01802381033628198,2.1228197e-12,0.995971,4999.8743847438955,0.002,4811.683,500,0.0019920263,4999.8755,5.306592e-07,0.01802381033628198,1.0010933,0.0020022711,0.9999577
1.0074797,496.287931209113,4989.904990785666,499.004,496.34459990985886,4989.904990785666,189.27444,49798.29780732627,2.9517693e-08,0.73577213,4989.904990785666,0.002,4802.5225,500,0.0014758338,4991.417,0.0073365895,49798.29780732627,1.2867135,0.0025809284,0.9970935
1.0,500.0,4999.89017896338,500.0,500.00000664260017,4999.89017896338,0.111767635,0.012516249305351907,5.431875e-20,1.0,4999.89017896338,0.0020000003,4811.698,500,0.002,4999.8906,,0.012516249305351907,1.0,0.002,1.0
1.0009786,499.51118382120274,4999.159582770477,499.93,499.4313357257085,4999.159582770477,11.349283,259.2780233515746,4.5634803e-09,0.70442617,4999.159582770477,0.002,4811.0884,500,0.0014102072,4999.3726,0.0011386788,259.2780233515746,1.0372831,0.0020765613,0.9990392
1.0009109,499.54497538126844,4999.227485129402,499.936,499.4261999624391,4999.227485129402,10.806346,217.8525771951943,4.6044146e-09,0.7324099,4999.227485129402,0.0019999999,4811.1265,500,0.0014649307,4999.4043,0.0011509294,217.8525771951943,1.0322932,0.0020647426,0.9999243
1.0000001,499.99994039536233,4999.873598470962,500.0,499.9998540450512,4999.873598470962,0.1406305,0.019846066633014987,1.0115131e-12,0.9972237,4999.873598470962,0.0019999999,4811.682,500,0.0019944268,4999.8745,2.5288014e-07,0.019846066633014987,1.0008423,0.0020016641,1.0000103
1.0,500.0,4999.871254045447,500.0,500.00000664260017,4999.871254045447,0.12670995,0.016089981265212234,5.431875e-20,1.0,4999.871254045447,0.0020000003,4811.679,500,0.002,4999.8716,,0.016089981265212234,1.0,0.002,1.0
1.0045685,497.7261591438212,4989.892586807953,499.004,497.86679608701,4989.892586807953,202.07228,49798.04777505797,1.7172473e-08,0.897591,4989.892586807953,0.002,4802.2075,500,0.0017977918,4990.829,0.004280663,49798.04777505797,1.3778672,0.0027597407,0.9985483
1.0,500.0,4999.882366287129,500.0,500.00000664260017,4999.882366287129,0.12987824,0.016902181182893602,5.431875e-20,1.0,4999.882366287129,0.0020000003,4811.6904,500,0.002,4999.883,,0.016902181182893602,1.0,0.002,1.0
1.0144762,492.86519468820546,4989.8964422154395,499.004,492.821040908907,4989.8964422154395,158.0937,49798.124302756674,5.838508e-08,0.40184963,4989.8964422154395,0.0020000003,4803.257,500,0.0008062194,4992.806,0.014505161,49798.124302756674,1.3995352,0.0028078475,0.9968741
1.000004,499.99797345029145,4999.8843972876775,500.0,499.9972758724327,4999.8843972876775,0.11873566,0.014170509070072999,2.1394605e-11,0.98847723,4999.8843972876775,0.002,4811.693,500,0.001976901,4999.8853,5.3489425e-06,0.014170509070072999,1.0051119,0.0020101694,1.0000271
1.0,500.0,4999.882434053674,500.0,500.00000664260017,4999.882434053674,0.13283524,0.017681456867426577,5.431875e-20,1.0,4999.882434053674,0.0020000003,4811.6904,500,0.002,4999.883,,0.017681456867426577,1.0,0.002,1.0
1.0,500.0,4999.879367534425,500.0,500.00000664260017,4999.879367534425,0.13101271,0.017196646217175583,5.431875e-20,1.0,4999.879367534425,0.0020000003,4811.6875,500,0.002,4999.88,,0.017196646217175583,1.0,0.002,1.0
1.0000573,499.97133180968757,4999.673935611937,499.982,499.9657934894349,4999.673935611937,4.18377,20.11086425596014,2.7440897e-10,0.93361753,4999.673935611937,0.0019999999,4811.49,500,0.0018673852,4999.688,6.859121e-05,20.11086425596014,1.0097579,0.0020196782,0.99991953
1.0070472,496.5010694004681,4989.906692019216,499.004,495.7749147522185,4989.906692019216,192.89317,49798.32833830542,3.4157058e-08,0.7421117,4989.906692019216,0.0019999999,4802.4014,500,0.0014742687,4991.2554,0.008654972,49798.32833830542,1.5385978,0.003056557,1.0067523
1.0,500.0,4999.880485995823,500.0,500.00000664260017,4999.880485995823,0.117864504,0.013917819205750668,5.431875e-20,1.0,4999.880485995823,0.0020000003,4811.6885,500,0.002,4999.881,,0.013917819205750668,1.0,0.002,1.0
1.0,500.0,4999.876163581619,500.0,500.00000664260017,4999.876163581619,0.12536466,0.015747475081663246,5.431875e-20,1.0,4999.876163581619,0.0020000003,4811.684,500,0.002,4999.8765,,0.015747475081663246,1.0,0.002,1.0
1.0003604,499.81988006860644,4999.28795104056,499.944,499.7843798771228,4999.28795104056,11.561102,172.04993136453552,1.7289773e-09,0.88141775,4999.28795104056,0.002,4811.1323,500,0.0017641108,4999.3584,0.00043161964,172.04993136453552,1.0265371,0.0020545593,0.9992771
1.0000019,499.9990463275026,4999.88356691375,500.0,499.9999931430195,4999.88356691375,0.13063507,0.01710560503283561,1.0326268e-13,0.9993193,4999.88356691375,0.002,4811.692,500,0.001998654,4999.8843,2.5814938e-08,0.01710560503283561,1.000269,0.0020005535,0.9999923
1.0,500.0,4999.887540373716,500.0,500.00000664260017,4999.887540373716,0.110916436,0.01232769834747003,5.431875e-20,1.0,4999.887540373716,0.0020000003,4811.6953,500,0.002,4999.8877,,0.01232769834747003,1.0,0.002,1.0
1.0,500.0,4999.875602607133,500.0,500.00000664260017,4999.875602607133,0.1362434,0.018598005812091558,5.431875e-20,1.0,4999.875602607133,0.0020000003,4811.6836,500,0.002,4999.876,,0.018598005812091558,1.0,0.002,1.0
1.0000001,499.99994039536233,4999.877102490694,500.0,499.9999685925707,4999.877102490694,0.12110562,0.014701165324827866,4.2693174e-13,0.998533,4999.877102490694,0.0019999999,4811.6855,500,0.0019970122,4999.878,1.0673865e-07,0.014701165324827866,1.0006726,0.0020012914,1.000027
1.0,500.0,4999.87861913056,500.0,500.0000419137744,4999.87861913056,0.118761286,0.014130159219538587,1.537229e-14,0.9998169,4999.87861913056,0.002,4811.687,500,0.0019996352,4999.8794,3.8430605e-09,0.014130159219538587,1.0002441,0.0020004897,0.9999993
1.0000005,499.9997615815346,4999.887867033469,500.0,499.99980624916935,4999.887867033469,0.106965,0.011467342623285574,1.5365229e-12,0.9980979,4999.887867033469,0.002,4811.6963,500,0.0019961328,4999.8887,3.841563e-07,0.011467342623285574,1.0019392,0.002003815,1.0000316
1.0,500.0,4999.885180785656,500.0,500.00000664260017,4999.885180785656,0.11601537,0.013487122958174185,5.431875e-20,1.0,4999.885180785656,0.0020000003,4811.693,500,0.002,4999.8853,,0.013487122958174185,1.0,0.002,1.0
1.0036237,498.194679989538,4997.938844333246,499.81,498.2332493379611,4997.938844333246,17.907158,1062.0749830680277,1.4211986e-08,0.51820034,4997.938844333246,0.002,4810.244,500,0.0010325428,4998.777,0.003579596,1062.0749830680277,1.0850571,0.0021620363,1.0037363
1.0,500.0,4999.882669159373,500.0,500.00000664260017,4999.882669159373,0.1231773,0.015205535860852201,5.431875e-20,1.0,4999.882669159373,0.0020000003,4811.691,500,0.002,4999.8833,,0.015205535860852201,1.0,0.002,1.0
1.0,500.0,4999.8728681606835,500.0,500.00000664260017,4999.8728681606835,0.12691067,0.016137578852936735,5.431875e-20,1.0,4999.8728681606835,0.0020000003,4811.6807,500,0.002,4999.873,,0.016137578852936735,1.0,0.002,1.0
1.0,500.0,4999.882774993953,500.0,499.9999971354788,4999.882774993953,0.12357405,0.015301585009105655,4.244758e-14,0.9994537,4999.882774993953,0.002,4811.691,500,0.0019989044,4999.8833,1.0611851e-08,0.015301585009105655,1.000202,0.0020004008,1.0000015
1.0,500.0,4999.886698238842,500.0,500.00000664260017,4999.886698238842,0.117780745,0.01390235787564247,5.431875e-20,1.0,4999.886698238842,0.0020000003,4811.695,500,0.002,4999.887,,0.01390235787564247,1.0,0.002,1.0
1.0011036,499.44878853746894,4998.941069924271,499.908,499.33143323361503,4998.941069924271,16.193178,442.2605801139203,5.366769e-09,0.7686273,4998.941069924271,0.002,4810.862,500,0.001540824,4999.1577,0.0013354833,442.2605801139203,1.0469661,0.002098794,0.99768347
1.0,500.0,4999.877024651935,500.0,500.00000664260017,4999.877024651935,0.1470896,0.02168026019141932,5.431875e-20,1.0,4999.877024651935,0.0020000003,4811.685,500,0.002,4999.8774,,0.02168026019141932,1.0,0.002,1.0
1.0020167,498.99369759771105,4998.816532568951,499.896,498.892850461938,4998.816532568951,13.902761,562.0990683341811,8.8951575e-09,0.58597946,4998.816532568951,0.0019999999,4810.8745,500,0.0011729663,4999.2563,0.002219971,562.0990683341811,1.0605823,0.002122988,0.9991411
1.0,500.0,4999.88232693219,500.0,500.00000664260017,4999.88232693219,0.11817913,0.013995283283574038,5.431875e-20,1.0,4999.88232693219,0.0020000003,4811.6904,500,0.002,4999.883,,0.013995283283574038,1.0,0.002,1.0
1.0002209,499.8895769851025,4999.417514835639,499.956,499.8707055900593,4999.417514835639,9.362144,105.98569036531744,1.0365138e-09,0.894778,4999.417514835639,0.002,4811.2466,500,0.0017910617,4999.4595,0.00025869295,105.98569036531744,1.0196913,0.0020410987,0.9991593
1.0,500.0,4999.876851658831,500.0,500.00000664260017,4999.876851658831,0.122455634,0.015021284230955341,5.431875e-20,1.0,4999.876851658831,0.0020000003,4811.685,500,0.002,4999.8774,,0.015021284230955341,1.0,0.002,1.0
1.0040349,497.9906689914045,4997.886955752039,499.802,497.76384033876985,4997.886955752039,20.475307,2000.6174041645868,1.8005965e-08,0.4574105,4997.886955752039,0.0019999999,4810.401,500,0.0009154506,4998.972,0.0044953013,2000.6174041645868,1.0676136,0.0021366966,0.9993123
1.0,500.0,4999.882355690365,500.0,500.00000664260017,4999.882355690365,0.13276461,0.017660090904170873,5.431875e-20,1.0,4999.882355690365,0.0020000003,4811.6904,500,0.002,4999.883,,0.017660090904170873,1.0,0.002,1.0
1.0,500.0,4999.891294470483,500.0,499.999905815882,4999.891294470483,0.108946994,0.011894718932868175,1.6956608e-13,0.9989534,4999.891294470483,0.0020000003,4811.6997,500,0.001997869,4999.892,4.2393292e-08,0.011894718932868175,1.0007024,0.0020013668,1.000019
1.0,500.0,4999.886888964126,500.0,500.00000664260017,4999.886888964126,0.11859215,0.014090785514209909,5.431875e-20,1.0,4999.886888964126,0.0020000003,4811.6953,500,0.002,4999.8877,,0.014090785514209909,1.0,0.002,1.0
1.0,500.0,4999.863440739066,500.0,500.00000664260017,4999.863440739066,0.1291944,0.016725431147401524,5.431875e-20,1.0,4999.863440739066,0.0020000003,4811.6714,500,0.002,4999.864,,0.016725431147401524,1.0,0.002,1.0
1.00469,497.6659214084182,4989.894723051198,499.004,497.4699628733523,4989.894723051198,202.56094,49798.098158623616,2.0383284e-08,0.9085639,4989.894723051198,0.002,4802.175,500,0.0018169058,4990.8076,0.005097066,49798.098158623616,1.4026829,0.002805023,1.0001222
1.0,500.0,4999.889565907822,500.0,500.00000664260017,4999.889565907822,0.122782886,0.015103177069626543,5.431875e-20,1.0,4999.889565907822,0.0020000003,4811.6978,500,0.002,4999.89,,0.015103177069626543,1.0,0.002,1.0
1.0000019,499.9990463275026,4999.886473788885,500.0,499.9999883783632,4999.886473788885,0.11616982,0.013523191310890671,1.3903696e-14,0.9997947,4999.886473788885,0.002,4811.695,500,0.0019995824,4999.887,3.4755876e-09,0.013523191310890671,1.0001632,0.0020003195,1.0000035
1.0,500.0,4999.889620492631,500.0,500.00000664260017,4999.889620492631,0.122798234,0.015107065738479579,5.431875e-20,1.0,4999.889620492631,0.0020000003,4811.6978,500,0.002,4999.89,,0.015107065738479579,1.0,0.002,1.0
1.0,500.0,4999.884030496789,500.0,499.99993457940496,4999.884030496789,0.12172229,0.014847716561247984,2.7224203e-13,0.9990613,4999.884030496789,0.002,4811.6924,500,0.0019980797,4999.885,6.8062846e-08,0.014847716561247984,1.0007385,0.002001434,1.0000215
1.0000006,499.99970197695376,4999.876137335076,500.0,499.9996977002672,4999.876137335076,0.12842219,0.016540994232975385,2.1986174e-12,0.9969812,4999.876137335076,0.002,4811.685,500,0.0019939258,4999.8774,5.4967603e-07,0.016540994232975385,1.0022893,0.0020045417,1.0000184
1.000002,499.9989867230923,4999.8755826482375,500.0,499.9986913830293,4999.8755826482375,0.12213977,0.014984903013761423,9.649321e-12,0.9940776,4999.8755826482375,0.002,4811.684,500,0.0019881818,4999.8765,2.4122687e-06,0.014984903013761423,1.0035301,0.0020070872,0.9999866
1.0126327,493.76243366504684,4989.906705884647,499.004,493.615798172842,4989.906705884647,165.18085,49798.34039199222,5.1837258e-08,0.5240212,4989.906705884647,0.002,4803.118,500,0.0010438875,4992.495,0.013062682,49798.34039199222,1.3729496,0.0027350131,1.0039803
1.0,500.0,4999.876845911906,500.0,500.00000664260017,4999.876845911906,0.12511787,0.015685166496485086,5.431875e-20,1.0,4999.876845911906,0.0020000003,4811.685,500,0.002,4999.8774,,0.015685166496485086,1.0,0.002,1.0
1.0,500.0,4999.872600273885,500.0,500.00000664260017,4999.872600273885,0.122470655,0.015026633006412642,5.431875e-20,1.0,4999.872600273885,0.0020000003,4811.6807,500,0.002,4999.873,,0.015026633006412642,1.0,0.002,1.0
1.0,500.0,4999.870238309017,500.0,500.00000664260017,4999.870238309017,0.13531601,0.01834633415109108,5.431875e-20,1.0,4999.870238309017,0.0020000003,4811.6787,500,0.002,4999.871,,0.01834633415109108,1.0,0.002,1.0
1.0,500.0,4999.873817738332,500.0,500.00000664260017,4999.873817738332,0.12187539,0.014883665707036316,5.431875e-20,1.0,4999.873817738332,0.0020000003,4811.6816,500,0.002,4999.874,,0.014883665707036316,1.0,0.002,1.0
1.0,500.0,4999.867644009565,500.0,500.00000664260017,4999.867644009565,0.1350914,0.0182877172859004,5.431875e-20,1.0,4999.867644009565,0.0020000003,4811.676,500,0.002,4999.868,,0.0182877172859004,1.0,0.002,1.0
1.0,500.0,4999.877114298467,500.0,500.00000664260017,4999.877114298467,0.12606427,0.015921862896155065,5.431875e-20,1.0,4999.877114298467,0.0020000003,4811.685,500,0.002,4999.8774,,0.015921862896155065,1.0,0.002,1.0
1.0,500.0,4999.867438839284,500.0,499.99990358624683,4999.867438839284,0.1349464,0.018250885671391014,2.1764893e-14,0.99960595,4999.867438839284,0.002,4811.676,500,0.0019992182,4999.868,5.440913e-09,0.018250885671391014,1.0000966,0.0020001994,0.99999684
1.0,500.0,4999.889055622825,500.0,500.00000664260017,4999.889055622825,0.11293802,0.01278133133437971,5.431875e-20,1.0,4999.889055622825,0.0020000003,4811.6973,500,0.002,4999.8896,,0.01278133133437971,1.0,0.002,1.0
1.0000002,499.99988079073887,4999.872966639709,500.0,499.9997775388584,4999.872966639709,0.13210183,0.0174971189699534,1.0605775e-12,0.9973837,4999.872966639709,0.002,4811.681,500,0.0019948338,4999.8735,2.6512546e-07,0.0174971189699534,1.0011163,0.0020022993,0.9999667
1.0125486,493.80347457514375,4989.887934122356,499.004,493.1649423031305,4989.887934122356,168.40804,49797.96485124848,5.555015e-08,0.5606773,4989.887934122356,0.0019999999,4802.966,500,0.0011286784,4992.335,0.013707893,49797.96485124848,1.3610872,0.0027399536,0.9935111
1.0,500.0,4999.878319064,500.0,500.00000664260017,4999.878319064,0.11870625,0.014119924741765386,5.431875e-20,1.0,4999.878319064,0.0020000003,4811.686,500,0.002,4999.8784,,0.014119924741765386,1.0,0.002,1.0
1.0,500.0,4999.87954070218,500.0,500.00000664260017,4999.87954070218,0.13039337,0.017034402214630134,5.431875e-20,1.0,4999.87954070218,0.0020000003,4811.688,500,0.002,4999.8804,,0.017034402214630134,1.0,0.002,1.0
1.0,500.0,4999.891191087116,500.0,500.00000664260017,4999.891191087116,0.11702947,0.013722477074520425,5.431875e-20,1.0,4999.891191087116,0.0020000003,4811.6997,500,0.002,4999.892,,0.013722477074520425,1.0,0.002,1.0
1.0,500.0,4999.87695165769,500.0,500.00000664260017,4999.87695165769,0.12376687,0.015350159135868223,5.431875e-20,1.0,4999.87695165769,0.0020000003,4811.6846,500,0.002,4999.877,,0.015350159135868223,1.0,0.002,1.0
1.0,500.0,4999.878671832827,500.0,499.99997437141775,4999.878671832827,0.12680858,0.016112895266705323,7.740513e-15,0.9998262,4999.878671832827,0.0019999999,4811.687,500,0.0019996476,4999.8794,1.935073e-09,0.016112895266705323,1.0001101,0.0020002155,1.0000024
1.0073916,496.33133123005393,4989.89815297346,499.004,496.40058887961834,4989.89815297346,191.29106,49798.160270051274,2.9061981e-08,0.6776489,4989.89815297346,0.002,4802.433,500,0.0013612399,4991.3193,0.007202202,49798.160270051274,1.3029712,0.002617368,0.9956348
1.0,500.0,4999.881096608262,500.0,500.00000664260017,4999.881096608262,0.124844536,0.015615185492358822,5.431875e-20,1.0,4999.881096608262,0.0020000003,4811.689,500,0.002,4999.8813,,0.015615185492358822,1.0,0.002,1.0
1.0088342,495.62155880234656,4989.903695804643,499.004,495.7884311882015,4989.903695804643,184.22188,49798.27995703187,3.404707e-08,0.6313588,4989.903695804643,0.002,4802.6167,500,0.0012622217,4991.638,0.008518456,49798.27995703187,1.3346109,0.0026681738,1.0003928
1.0,500.0,4999.879880581448,500.0,500.00000814254076,4999.879880581448,0.122204795,0.014963616297443687,1.421614e-14,0.9997957,4999.879880581448,0.002,4811.6885,500,0.0019995896,4999.881,3.5539554e-09,0.014963616297443687,1.0002145,0.002000427,1.0000008
1.0008218,499.5894230029366,4999.083010450661,499.922,499.63140684396757,4999.083010450661,14.158604,320.19779744382834,2.9561065e-09,0.79316175,4999.083010450661,0.0020000003,4810.981,500,0.0015833944,4999.2505,0.00074176345,320.19779744382834,1.0588332,0.0021137563,1.0018499
1.0,500.0,4999.882279353041,500.0,500.00000664260017,4999.882279353041,0.12914972,0.016715672463394664,5.431875e-20,1.0,4999.882279353041,0.0020000003,4811.6904,500,0.002,4999.883,,0.016715672463394664,1.0,0.002,1.0
1.0,500.0,4999.879757325181,500.0,500.00000664260017,4999.879757325181,0.12432119,0.015483286386509022,5.431875e-20,1.0,4999.879757325181,0.0020000003,4811.6885,500,0.002,4999.881,,0.015483286386509022,1.0,0.002,1.0
1.0,500.0,4999.886859198355,500.0,500.00000664260017,4999.886859198355,0.12505111,0.01566959840757999,5.431875e-20,1.0,4999.886859198355,0.0020000003,4811.695,500,0.002,4999.887,,0.01566959840757999,1.0,0.002,1.0
1.0063072,496.86614384594617,4989.898714437439,499.004,497.2992413602225,4989.898714437439,194.18678,49798.18267502828,2.1767082e-08,0.79043233,4989.898714437439,0.002,4802.4033,500,0.0015814068,4991.188,0.0054380395,49798.18267502828,1.297017,0.0025949236,0.99965715
1.0040085,498.0037363008437,4989.8924696730755,499.004,498.091835184355,4989.8924696730755,204.88162,49798.04783210649,1.5354283e-08,0.9009851,4989.8924696730755,0.0019999999,4802.135,500,0.0018142923,4990.7036,0.0037866074,49798.04783210649,1.3831432,0.0027852023,0.99320835
1.0,500.0,4999.870352292069,500.0,500.00000664260017,4999.870352292069,0.12561686,0.015811363781839068,5.431875e-20,1.0,4999.870352292069,0.0020000003,4811.678,500,0.002,4999.8706,,0.015811363781839068,1.0,0.002,1.0
1.0007018,499.6493535346677,4999.200301907398,499.934,499.5817432985306,4999.200301907398,12.152451,231.30144845665902,3.3554564e-09,0.7974757,4999.200301907398,0.002,4811.0786,500,0.001599029,4999.337,0.0008345911,231.30144845665902,1.0311053,0.0020674828,0.9974499
1.0,500.0,4999.880256205022,500.0,500.00000664260017,4999.880256205022,0.12601517,0.015911610034777365,5.431875e-20,1.0,4999.880256205022,0.0020000003,4811.6885,500,0.002,4999.881,,0.015911610034777365,1.0,0.002,1.0
1.0,500.0,4999.879090071683,500.0,500.00000664260017,4999.879090071683,0.12794048,0.016399168538859574,5.431875e-20,1.0,4999.879090071683,0.0020000003,4811.687,500,0.002,4999.8794,,0.016399168538859574,1.0,0.002,1.0
1.0,500.0,4999.882971585876,500.0,500.00000664260017,4999.882971585876,0.12797798,0.01641086909335675,5.431875e-20,1.0,4999.882971585876,0.0020000003,4811.691,500,0.002,4999.8833,,0.01641086909335675,1.0,0.002,1.0
1.0,500.0,4999.880426191865,500.0,500.00000664260017,4999.880426191865,0.12784986,0.016377739186235318,5.431875e-20,1.0,4999.880426191865,0.0020000003,4811.6885,500,0.002,4999.881,,0.016377739186235318,1.0,0.002,1.0
1.0,500.0,4999.885588201377,500.0,500.00000664260017,4999.885588201377,0.12151359,0.01479495397769989,5.431875e-20,1.0,4999.885588201377,0.0020000003,4811.694,500,0.002,4999.886,,0.01479495397769989,1.0,0.002,1.0
1.0000012,499.9994039542628,4999.878651299587,500.0,499.9990861154795,4999.878651299587,0.13068451,0.017180043362697715,6.7372267e-12,0.99230003,4999.878651299587,0.002,4811.687,500,0.0019846351,4999.8794,1.6842384e-06,0.017180043362697715,1.0038619,0.0020077592,0.99998236
1.0,500.0,4999.8872668432095,500.0,500.00000664260017,4999.8872668432095,0.119171195,0.014229218391374879,5.431875e-20,1.0,4999.8872668432095,0.0020000003,4811.6953,500,0.002,4999.8877,,0.014229218391374879,1.0,0.002,1.0
1.0,500.0,4999.87721854804,500.0,500.00000664260017,4999.87721854804,0.13351642,0.017861727929576,5.431875e-20,1.0,4999.87721854804,0.0020000003,4811.685,500,0.002,4999.8774,,0.017861727929576,1.0,0.002,1.0
1.0,500.0,4999.882499763507,500.0,500.00000664260017,4999.882499763507,0.13501011,0.018262541035888587,5.431875e-20,1.0,4999.882499763507,0.0020000003,4811.691,500,0.002,4999.8833,,0.018262541035888587,1.0,0.002,1.0
1.0,500.0,4999.8813815772255,500.0,500.00000664260017,4999.8813815772255,0.12577403,0.015850129781079778,5.431875e-20,1.0,4999.8813815772255,0.0020000003,4811.69,500,0.002,4999.8823,,0.015850129781079778,1.0,0.002,1.0
1.0021049,498.9497713907425,4998.618260161727,499.876,498.9123264461297,4998.618260161727,17.537628,794.125382642351,8.737078e-09,0.62303746,4998.618260161727,0.002,4810.7046,500,0.0012449622,4999.0947,0.0021881757,794.125382642351,1.0500095,0.0020981436,1.0008938
1.0000001,499.99994039536233,4999.873878001742,500.0,499.999878611784,4999.873878001742,0.1383475,0.019198766150377928,1.1133402e-12,0.99725527,4999.873878001742,0.002,4811.682,500,0.0019946005,4999.8745,2.7830774e-07,0.019198766150377928,1.0009196,0.0020019296,0.9999548
1.0,500.0,4999.878282653637,500.0,500.00000664260017,4999.878282653637,0.1347963,0.018203292146821353,5.431875e-20,1.0,4999.878282653637,0.0020000003,4811.686,500,0.002,4999.8784,,0.018203292146821353,1.0,0.002,1.0
1.0,500.0,4999.883338722447,500.0,500.00000664260017,4999.883338722447,0.11969155,0.014354845728937509,5.431875e-20,1.0,4999.883338722447,0.0020000003,4811.6914,500,0.002,4999.884,,0.014354845728937509,1.0,0.002,1.0
1.0,500.0,4999.8719748938365,500.0,500.00000664260017,4999.8719748938365,0.13733119,0.018898975683212783,5.431875e-20,1.0,4999.8719748938365,0.0020000003,4811.68,500,0.002,4999.8726,,0.018898975683212783,1.0,0.002,1.0
1.0000062,499.99690057768464,4999.88376312053,500.0,499.99680775888385,4999.88376312053,0.11305693,0.0128404193497417,2.555831e-11,0.9901764,4999.88376312053,0.002,4811.692,500,0.0019799345,4999.885,6.392262e-06,0.0128404193497417,1.0065606,0.002012696,1.0002112
1.0,500.0,4999.879727159357,500.0,500.00000664260017,4999.879727159357,0.12768173,0.016335583193309973,5.431875e-20,1.0,4999.879727159357,0.0020000003,4811.688,500,0.002,4999.8804,,0.016335583193309973,1.0,0.002,1.0
1.0,500.0,4999.879329387716,500.0,500.00000664260017,4999.879329387716,0.11161573,0.012483965146293246,5.431875e-20,1.0,4999.879329387716,0.0020000003,4811.6875,500,0.002,4999.88,,0.012483965146293246,1.0,0.002,1.0
1.0000033,499.99833107551694,4999.867879633175,500.0,499.99791668948075,4999.867879633175,0.14922115,0.022593642137065436,1.6575331e-11,0.98293936,4999.867879633175,0.0019999999,4811.6763,500,0.0019658857,4999.8687,4.143797e-06,0.022593642137065436,1.0025599,0.0020051268,0.9999965
1.0,500.0,4999.893566125348,500.0,500.00000664260017,4999.893566125348,0.11430267,0.013090947411565487,5.431875e-20,1.0,4999.893566125348,0.0020000003,4811.7017,500,0.002,4999.894,,0.013090947411565487,1.0,0.002,1.0
1.0000021,499.9989271186962,4999.879080698051,500.0,499.998765937929,4999.879080698051,0.12997697,0.01696589039704192,9.928298e-12,0.9930373,4999.879080698051,0.002,4811.6875,500,0.0019859618,4999.88,2.4823535e-06,0.01696589039704192,1.0032398,0.0020063657,1.0000567
1.0219063,489.281670147034,4990.3030457066625,499.044,487.2712297730776,4990.3030457066625,81.59195,45889.78561183167,1.0469978e-07,0.37682745,4990.3030457066625,0.002,4805.9966,500,0.00076155894,4996.239,0.025634438,45889.78561183167,1.2213708,0.0024683601,0.9896212
1.0,500.0,4999.875838093058,500.0,500.00000664260017,4999.875838093058,0.12222118,0.014965730780732902,5.431875e-20,1.0,4999.875838093058,0.0020000003,4811.684,500,0.002,4999.8765,,0.014965730780732902,1.0,0.002,1.0
1.0,500.0,4999.87917643826,500.0,500.00000664260017,4999.87917643826,0.14054078,0.019788401870254466,5.431875e-20,1.0,4999.87917643826,0.0020000003,4811.687,500,0.002,4999.8794,,0.019788401870254466,1.0,0.002,1.0
1.0,500.0,4999.882734822845,500.0,500.00000664260017,4999.882734822845,0.12261767,0.015065848987880279,5.431875e-20,1.0,4999.882734822845,0.0020000003,4811.6904,500,0.002,4999.883,,0.015065848987880279,1.0,0.002,1.0
1.0,500.0,4999.882655343998,500.0,500.00000664260017,4999.882655343998,0.11509251,0.013271759871290789,5.431875e-20,1.0,4999.882655343998,0.0020000003,4811.691,500,0.002,4999.8833,,0.013271759871290789,1.0,0.002,1.0
1.0,500.0,4999.88843401396,500.0,500.00000664260017,4999.88843401396,0.1118042,0.01252453898811148,5.431875e-20,1.0,4999.88843401396,0.0020000003,4811.697,500,0.002,4999.889,,0.01252453898811148,1.0,0.002,1.0
1.0075135,496.271254464816,4989.905791778287,499.004,496.07570472347584,4989.905791778287,189.59319,49798.30759098902,3.1706275e-08,0.66625845,4989.905791778287,0.002,4802.504,500,0.0013286143,4991.402,0.007973204,49798.30759098902,1.4797134,0.0029507594,1.0029374
1.0000008,499.99958276783474,4999.886137883802,500.0,499.99942832492343,4999.886137883802,0.11367801,0.012966302151147385,4.563101e-12,0.99518293,4999.886137883802,0.002,4811.695,500,0.0019904275,4999.887,1.1407029e-06,0.012966302151147385,1.0023005,0.002004663,0.99996907
1.0000005,499.9997615815346,4999.885035050339,500.0,499.99975897850226,4999.885035050339,0.12390104,0.015402998165866648,2.0834543e-12,0.99734694,4999.885035050339,0.0019999999,4811.693,500,0.001994643,4999.8853,5.2088853e-07,0.015402998165866648,1.001086,0.002002121,1.0000255
1.0,500.0,4999.880266918669,500.0,499.99993184342355,4999.880266918669,0.118652925,0.014110290136577516,4.941838e-14,0.99960357,4999.880266918669,0.0019999999,4811.6885,500,0.0019991952,4999.881,1.2354902e-08,0.014110290136577516,1.0002425,0.002000473,1.000006
1.0,500.0,4999.882695847102,500.0,500.00000664260017,4999.882695847102,0.1209717,0.014663655797081294,5.431875e-20,1.0,4999.882695847102,0.0020000003,4811.691,500,0.002,4999.8833,,0.014663655797081294,1.0,0.002,1.0
1.0,500.0,4999.883432801178,500.0,500.00000664260017,4999.883432801178,0.15379722,0.023698919804806214,5.431875e-20,1.0,4999.883432801178,0.0020000003,4811.6914,500,0.002,4999.884,,0.023698919804806214,1.0,0.002,1.0
1.0,500.0,4999.882645589308,500.0,500.00000664260017,4999.882645589308,0.119473994,0.014301351015993356,5.431875e-20,1.0,4999.882645589308,0.0020000003,4811.6904,500,0.002,4999.883,,0.014301351015993356,1.0,0.002,1.0
1.0000001,499.99994039536233,4999.883936198288,500.0,499.9999583573005,4999.883936198288,0.11514505,0.013289028735135941,4.5628936e-13,0.9986062,4999.883936198288,0.0019999999,4811.6924,500,0.001997198,4999.885,1.140733e-07,0.013289028735135941,1.0007293,0.0020014443,1.0000072
1.0000025,499.9987483055932,4999.878550704183,500.0,499.99826570246324,4999.878550704183,0.12644921,0.016083766013873957,1.31816285e-11,0.9904583,4999.878550704183,0.002,4811.687,500,0.0019807362,4999.8794,3.2960031e-06,0.016083766013873957,1.0034543,0.0020067259,1.0000911
1.0,500.0,4999.877401461979,500.0,500.00000664260017,4999.877401461979,0.13071786,0.017119417261509135,5.431875e-20,1.0,4999.877401461979,0.0020000003,4811.6855,500,0.002,4999.878,,0.017119417261509135,1.0,0.002,1.0
1.0,500.0,4999.87806501955,500.0,500.00000664260017,4999.87806501955,0.1254605,0.015771770797708296,5.431875e-20,1.0,4999.87806501955,0.0020000003,4811.686,500,0.002,4999.8784,,0.015771770797708296,1.0,0.002,1.0
1.0000027,499.99862909692894,4999.877377710953,500.0,499.99951708241116,4999.877377710953,0.119723365,0.014383728725652911,4.205765e-12,0.9960681,4999.877377710953,0.002,4811.6855,500,0.001992042,4999.878,1.0515389e-06,0.014383728725652911,1.0030859,0.0020060767,1.0000473
1.0,500.0,4999.877316951679,500.0,500.00000664260017,4999.877316951679,0.1299023,0.016909342447917163,5.431875e-20,1.0,4999.877316951679,0.0020000003,4811.6855,500,0.002,4999.878,,0.016909342447917163,1.0,0.002,1.0
1.0,500.0,4999.8718091108385,500.0,500.00000664260017,4999.8718091108385,0.12138884,0.01476124529226773,5.431875e-20,1.0,4999.8718091108385,0.0020000003,4811.68,500,0.002,4999.8726,,0.01476124529226773,1.0,0.002,1.0
1.0000114,499.99427801958444,4999.790989934647,499.992,499.9939654001371,4999.790989934647,2.1784518,5.035497163921331,4.8874817e-11,0.97162116,4999.790989934647,0.0019999999,4811.601,500,0.0019432661,4999.7944,1.221839e-05,5.035497163921331,1.0044365,0.0020088977,0.9999877
1.0,500.0,4999.88606856463,500.0,500.00000664260017,4999.88606856463,0.12162056,0.014819943769263011,5.431875e-20,1.0,4999.88606856463,0.0020000003,4811.6943,500,0.002,4999.8867,,0.014819943769263011,1.0,0.002,1.0
1.0,500.0,4999.87832130665,500.0,500.00000664260017,4999.87832130665,0.11747795,0.013828662554644466,5.431875e-20,1.0,4999.87832130665,0.0020000003,4811.6865,500,0.002,4999.879,,0.013828662554644466,1.0,0.002,1.0
